-- phpMyAdmin SQL Dump
-- version 4.7.4
-- https://www.phpmyadmin.net/
--
-- Host: 127.0.0.1
-- Generation Time: Apr 07, 2018 at 06:19 AM
-- Server version: 10.1.30-MariaDB
-- PHP Version: 7.2.1

SET SQL_MODE = "NO_AUTO_VALUE_ON_ZERO";
SET AUTOCOMMIT = 0;
START TRANSACTION;
SET time_zone = "+00:00";


/*!40101 SET @OLD_CHARACTER_SET_CLIENT=@@CHARACTER_SET_CLIENT */;
/*!40101 SET @OLD_CHARACTER_SET_RESULTS=@@CHARACTER_SET_RESULTS */;
/*!40101 SET @OLD_COLLATION_CONNECTION=@@COLLATION_CONNECTION */;
/*!40101 SET NAMES utf8mb4 */;

--
-- Database: `kent_wind`
--

-- --------------------------------------------------------

--
-- Table structure for table `historical_data`
--

CREATE TABLE `historical_data` (
  `SensorID` int(11) NOT NULL,
  `Speed` int(11) NOT NULL,
  `Direction` int(11) NOT NULL,
  `Time` timestamp NULL DEFAULT NULL
) ENGINE=InnoDB DEFAULT CHARSET=latin1;

--
-- Dumping data for table `historical_data`
--

INSERT INTO `historical_data` (`SensorID`, `Speed`, `Direction`, `Time`) VALUES
(1, 32, 3, '2018-04-06 01:20:04'),
(2, 4, 6, '2018-04-06 01:20:04'),
(3, 56, 5, '2018-04-06 01:20:04'),
(4, 30, 1, '2018-04-06 01:20:04'),
(5, 37, 14, '2018-04-06 01:20:04'),
(6, 52, 3, '2018-04-06 01:20:04'),
(7, 59, 13, '2018-04-06 01:20:04'),
(8, 78, 5, '2018-04-06 01:20:04'),
(9, 78, 5, '2018-04-06 01:20:04'),
(10, 35, 15, '2018-04-06 01:20:04'),
(11, 38, 7, '2018-04-06 01:20:04'),
(12, 15, 14, '2018-04-06 01:20:04'),
(13, 55, 8, '2018-04-06 01:20:04'),
(14, 92, 15, '2018-04-06 01:20:04'),
(15, 19, 9, '2018-04-06 01:20:04'),
(16, 6, 15, '2018-04-06 01:20:04'),
(17, 3, 8, '2018-04-06 01:20:04'),
(18, 35, 8, '2018-04-06 01:20:04'),
(19, 64, 13, '2018-04-06 01:20:04'),
(20, 69, 6, '2018-04-06 01:20:04'),
(21, 32, 5, '2018-04-06 01:20:04'),
(22, 10, 10, '2018-04-06 01:20:04'),
(23, 26, 14, '2018-04-06 01:20:04'),
(24, 75, 10, '2018-04-06 01:20:04'),
(25, 20, 4, '2018-04-06 01:20:04'),
(26, 36, 6, '2018-04-06 01:20:04'),
(27, 71, 6, '2018-04-06 01:20:04'),
(28, 86, 5, '2018-04-06 01:20:04'),
(1, 50, 3, '2018-04-06 01:21:54'),
(2, 76, 1, '2018-04-06 01:21:54'),
(3, 61, 7, '2018-04-06 01:21:54'),
(4, 56, 1, '2018-04-06 01:21:54'),
(5, 89, 4, '2018-04-06 01:21:54'),
(6, 45, 15, '2018-04-06 01:21:54'),
(7, 99, 11, '2018-04-06 01:21:54'),
(8, 13, 3, '2018-04-06 01:21:54'),
(9, 64, 1, '2018-04-06 01:21:54'),
(10, 4, 9, '2018-04-06 01:21:54'),
(11, 22, 2, '2018-04-06 01:21:54'),
(12, 83, 12, '2018-04-06 01:21:54'),
(13, 92, 12, '2018-04-06 01:21:54'),
(14, 92, 9, '2018-04-06 01:21:54'),
(15, 94, 6, '2018-04-06 01:21:54'),
(16, 10, 6, '2018-04-06 01:21:54'),
(17, 40, 10, '2018-04-06 01:21:54'),
(18, 68, 12, '2018-04-06 01:21:54'),
(19, 47, 4, '2018-04-06 01:21:54'),
(20, 17, 13, '2018-04-06 01:21:54'),
(21, 89, 12, '2018-04-06 01:21:54'),
(22, 31, 14, '2018-04-06 01:21:54'),
(23, 40, 13, '2018-04-06 01:21:54'),
(24, 20, 3, '2018-04-06 01:21:54'),
(25, 82, 13, '2018-04-06 01:21:54'),
(26, 87, 11, '2018-04-06 01:21:54'),
(27, 69, 3, '2018-04-06 01:21:54'),
(28, 100, 15, '2018-04-06 01:21:54'),
(1, 42, 9, '2018-04-06 01:24:15'),
(2, 80, 1, '2018-04-06 01:24:15'),
(3, 57, 1, '2018-04-06 01:24:15'),
(4, 65, 11, '2018-04-06 01:24:15'),
(5, 57, 1, '2018-04-06 01:24:15'),
(6, 78, 9, '2018-04-06 01:24:15'),
(7, 83, 9, '2018-04-06 01:24:15'),
(8, 50, 11, '2018-04-06 01:24:15'),
(9, 42, 7, '2018-04-06 01:24:15'),
(10, 61, 14, '2018-04-06 01:24:15'),
(11, 41, 15, '2018-04-06 01:24:15'),
(12, 11, 3, '2018-04-06 01:24:15'),
(13, 87, 6, '2018-04-06 01:24:15'),
(14, 18, 7, '2018-04-06 01:24:15'),
(15, 28, 13, '2018-04-06 01:24:15'),
(16, 1, 13, '2018-04-06 01:24:15'),
(17, 28, 14, '2018-04-06 01:24:15'),
(18, 52, 5, '2018-04-06 01:24:15'),
(19, 28, 7, '2018-04-06 01:24:15'),
(20, 99, 4, '2018-04-06 01:24:15'),
(21, 41, 1, '2018-04-06 01:24:15'),
(22, 55, 15, '2018-04-06 01:24:15'),
(23, 46, 3, '2018-04-06 01:24:15'),
(24, 29, 8, '2018-04-06 01:24:15'),
(25, 44, 10, '2018-04-06 01:24:15'),
(26, 57, 5, '2018-04-06 01:24:15'),
(27, 19, 7, '2018-04-06 01:24:15'),
(28, 21, 2, '2018-04-06 01:24:15'),
(1, 7, 13, '2018-04-07 03:38:53'),
(2, 44, 13, '2018-04-07 03:38:53'),
(3, 85, 7, '2018-04-07 03:38:53'),
(4, 51, 2, '2018-04-07 03:38:53'),
(5, 10, 8, '2018-04-07 03:38:53'),
(6, 66, 3, '2018-04-07 03:38:53'),
(7, 38, 5, '2018-04-07 03:38:53'),
(8, 25, 2, '2018-04-07 03:38:53'),
(9, 18, 4, '2018-04-07 03:38:53'),
(10, 91, 14, '2018-04-07 03:38:53'),
(11, 3, 2, '2018-04-07 03:38:53'),
(12, 82, 10, '2018-04-07 03:38:53'),
(13, 74, 2, '2018-04-07 03:38:53'),
(14, 98, 9, '2018-04-07 03:38:53'),
(15, 84, 11, '2018-04-07 03:38:53'),
(16, 46, 14, '2018-04-07 03:38:53'),
(17, 62, 2, '2018-04-07 03:38:53'),
(18, 17, 5, '2018-04-07 03:38:53'),
(19, 92, 10, '2018-04-07 03:38:53'),
(20, 24, 1, '2018-04-07 03:38:53'),
(21, 18, 6, '2018-04-07 03:38:53'),
(22, 42, 2, '2018-04-07 03:38:53'),
(23, 74, 5, '2018-04-07 03:38:53'),
(24, 10, 12, '2018-04-07 03:38:53'),
(25, 71, 1, '2018-04-07 03:38:53'),
(26, 3, 11, '2018-04-07 03:38:53'),
(27, 42, 15, '2018-04-07 03:38:53'),
(28, 50, 8, '2018-04-07 03:38:53'),
(1, 13, 1, '2018-04-07 03:39:09'),
(2, 71, 1, '2018-04-07 03:39:09'),
(3, 47, 1, '2018-04-07 03:39:09'),
(4, 38, 4, '2018-04-07 03:39:09'),
(5, 92, 10, '2018-04-07 03:39:09'),
(6, 5, 1, '2018-04-07 03:39:09'),
(7, 91, 1, '2018-04-07 03:39:09'),
(8, 3, 9, '2018-04-07 03:39:09'),
(9, 87, 1, '2018-04-07 03:39:09'),
(10, 42, 10, '2018-04-07 03:39:09'),
(11, 39, 3, '2018-04-07 03:39:09'),
(12, 16, 11, '2018-04-07 03:39:09'),
(13, 19, 13, '2018-04-07 03:39:09'),
(14, 52, 15, '2018-04-07 03:39:09'),
(15, 95, 2, '2018-04-07 03:39:09'),
(16, 89, 8, '2018-04-07 03:39:09'),
(17, 63, 12, '2018-04-07 03:39:09'),
(18, 77, 4, '2018-04-07 03:39:09'),
(19, 98, 5, '2018-04-07 03:39:09'),
(20, 79, 5, '2018-04-07 03:39:09'),
(21, 42, 13, '2018-04-07 03:39:09'),
(22, 84, 9, '2018-04-07 03:39:09'),
(23, 80, 7, '2018-04-07 03:39:09'),
(24, 90, 5, '2018-04-07 03:39:09'),
(25, 82, 11, '2018-04-07 03:39:09'),
(26, 34, 2, '2018-04-07 03:39:09'),
(27, 99, 5, '2018-04-07 03:39:09'),
(28, 97, 5, '2018-04-07 03:39:09'),
(1, 75, 12, '2018-04-07 03:39:24'),
(2, 39, 5, '2018-04-07 03:39:24'),
(3, 23, 5, '2018-04-07 03:39:24'),
(4, 38, 5, '2018-04-07 03:39:24'),
(5, 51, 3, '2018-04-07 03:39:24'),
(6, 59, 1, '2018-04-07 03:39:24'),
(7, 75, 4, '2018-04-07 03:39:24'),
(8, 30, 3, '2018-04-07 03:39:24'),
(9, 77, 11, '2018-04-07 03:39:24'),
(10, 57, 1, '2018-04-07 03:39:24'),
(11, 48, 15, '2018-04-07 03:39:24'),
(12, 80, 7, '2018-04-07 03:39:24'),
(13, 24, 9, '2018-04-07 03:39:24'),
(14, 95, 15, '2018-04-07 03:39:24'),
(15, 48, 4, '2018-04-07 03:39:24'),
(16, 39, 11, '2018-04-07 03:39:24'),
(17, 61, 14, '2018-04-07 03:39:24'),
(18, 18, 8, '2018-04-07 03:39:24'),
(19, 15, 11, '2018-04-07 03:39:24'),
(20, 37, 14, '2018-04-07 03:39:24'),
(21, 73, 9, '2018-04-07 03:39:24'),
(22, 55, 13, '2018-04-07 03:39:24'),
(23, 7, 15, '2018-04-07 03:39:24'),
(24, 89, 2, '2018-04-07 03:39:24'),
(25, 79, 4, '2018-04-07 03:39:24'),
(26, 98, 12, '2018-04-07 03:39:24'),
(27, 97, 4, '2018-04-07 03:39:24'),
(28, 6, 14, '2018-04-07 03:39:24'),
(1, 79, 3, '2018-04-07 03:39:39'),
(2, 57, 13, '2018-04-07 03:39:39'),
(3, 54, 10, '2018-04-07 03:39:39'),
(4, 10, 11, '2018-04-07 03:39:39'),
(5, 58, 10, '2018-04-07 03:39:39'),
(6, 62, 5, '2018-04-07 03:39:39'),
(7, 85, 11, '2018-04-07 03:39:39'),
(8, 94, 2, '2018-04-07 03:39:39'),
(9, 99, 8, '2018-04-07 03:39:39'),
(10, 22, 15, '2018-04-07 03:39:39'),
(11, 59, 3, '2018-04-07 03:39:39'),
(12, 54, 4, '2018-04-07 03:39:39'),
(13, 50, 11, '2018-04-07 03:39:39'),
(14, 28, 1, '2018-04-07 03:39:39'),
(15, 49, 1, '2018-04-07 03:39:39'),
(16, 13, 3, '2018-04-07 03:39:39'),
(17, 57, 14, '2018-04-07 03:39:39'),
(18, 25, 8, '2018-04-07 03:39:39'),
(19, 65, 4, '2018-04-07 03:39:39'),
(20, 33, 13, '2018-04-07 03:39:39'),
(21, 98, 9, '2018-04-07 03:39:39'),
(22, 55, 12, '2018-04-07 03:39:39'),
(23, 40, 3, '2018-04-07 03:39:39'),
(24, 78, 5, '2018-04-07 03:39:39'),
(25, 25, 2, '2018-04-07 03:39:39'),
(26, 39, 15, '2018-04-07 03:39:39'),
(27, 29, 10, '2018-04-07 03:39:39'),
(28, 66, 5, '2018-04-07 03:39:39'),
(1, 83, 3, '2018-04-07 03:39:54'),
(2, 19, 7, '2018-04-07 03:39:54'),
(3, 32, 3, '2018-04-07 03:39:54'),
(4, 19, 4, '2018-04-07 03:39:54'),
(5, 96, 13, '2018-04-07 03:39:54'),
(6, 61, 6, '2018-04-07 03:39:54'),
(7, 56, 12, '2018-04-07 03:39:54'),
(8, 45, 5, '2018-04-07 03:39:54'),
(9, 11, 15, '2018-04-07 03:39:54'),
(10, 5, 13, '2018-04-07 03:39:54'),
(11, 97, 13, '2018-04-07 03:39:54'),
(12, 82, 3, '2018-04-07 03:39:54'),
(13, 31, 15, '2018-04-07 03:39:54'),
(14, 74, 15, '2018-04-07 03:39:54'),
(15, 87, 5, '2018-04-07 03:39:54'),
(16, 62, 15, '2018-04-07 03:39:54'),
(17, 53, 9, '2018-04-07 03:39:54'),
(18, 96, 15, '2018-04-07 03:39:54'),
(19, 62, 13, '2018-04-07 03:39:54'),
(20, 62, 9, '2018-04-07 03:39:54'),
(21, 26, 15, '2018-04-07 03:39:54'),
(22, 58, 9, '2018-04-07 03:39:54'),
(23, 49, 13, '2018-04-07 03:39:54'),
(24, 14, 2, '2018-04-07 03:39:54'),
(25, 40, 7, '2018-04-07 03:39:54'),
(26, 66, 15, '2018-04-07 03:39:54'),
(27, 98, 9, '2018-04-07 03:39:54'),
(28, 91, 11, '2018-04-07 03:39:54'),
(1, 29, 10, '2018-04-07 03:40:09'),
(2, 72, 14, '2018-04-07 03:40:09'),
(3, 21, 8, '2018-04-07 03:40:09'),
(4, 80, 9, '2018-04-07 03:40:09'),
(5, 22, 6, '2018-04-07 03:40:09'),
(6, 36, 13, '2018-04-07 03:40:09'),
(7, 60, 6, '2018-04-07 03:40:09'),
(8, 58, 4, '2018-04-07 03:40:09'),
(9, 73, 14, '2018-04-07 03:40:09'),
(10, 52, 10, '2018-04-07 03:40:09'),
(11, 20, 9, '2018-04-07 03:40:09'),
(12, 10, 10, '2018-04-07 03:40:09'),
(13, 63, 14, '2018-04-07 03:40:09'),
(14, 95, 2, '2018-04-07 03:40:09'),
(15, 95, 14, '2018-04-07 03:40:09'),
(16, 78, 8, '2018-04-07 03:40:09'),
(17, 24, 7, '2018-04-07 03:40:09'),
(18, 67, 8, '2018-04-07 03:40:09'),
(19, 63, 9, '2018-04-07 03:40:09'),
(20, 11, 2, '2018-04-07 03:40:09'),
(21, 26, 10, '2018-04-07 03:40:09'),
(22, 6, 4, '2018-04-07 03:40:09'),
(23, 41, 14, '2018-04-07 03:40:09'),
(24, 49, 13, '2018-04-07 03:40:09'),
(25, 98, 7, '2018-04-07 03:40:09'),
(26, 24, 15, '2018-04-07 03:40:09'),
(27, 34, 9, '2018-04-07 03:40:09'),
(28, 32, 3, '2018-04-07 03:40:09'),
(1, 53, 5, '2018-04-07 03:40:24'),
(2, 40, 3, '2018-04-07 03:40:24'),
(3, 81, 13, '2018-04-07 03:40:24'),
(4, 34, 7, '2018-04-07 03:40:24'),
(5, 23, 12, '2018-04-07 03:40:24'),
(6, 82, 1, '2018-04-07 03:40:24'),
(7, 78, 3, '2018-04-07 03:40:24'),
(8, 60, 14, '2018-04-07 03:40:24'),
(9, 31, 7, '2018-04-07 03:40:24'),
(10, 94, 10, '2018-04-07 03:40:24'),
(11, 77, 12, '2018-04-07 03:40:24'),
(12, 57, 15, '2018-04-07 03:40:24'),
(13, 91, 14, '2018-04-07 03:40:24'),
(14, 7, 14, '2018-04-07 03:40:24'),
(15, 83, 2, '2018-04-07 03:40:24'),
(16, 14, 10, '2018-04-07 03:40:24'),
(17, 23, 4, '2018-04-07 03:40:24'),
(18, 21, 12, '2018-04-07 03:40:24'),
(19, 82, 4, '2018-04-07 03:40:24'),
(20, 11, 9, '2018-04-07 03:40:24'),
(21, 26, 7, '2018-04-07 03:40:24'),
(22, 52, 8, '2018-04-07 03:40:24'),
(23, 91, 7, '2018-04-07 03:40:24'),
(24, 48, 15, '2018-04-07 03:40:24'),
(25, 35, 1, '2018-04-07 03:40:24'),
(26, 96, 3, '2018-04-07 03:40:24'),
(27, 28, 5, '2018-04-07 03:40:24'),
(28, 81, 10, '2018-04-07 03:40:24'),
(1, 90, 4, '2018-04-07 03:40:39'),
(2, 100, 7, '2018-04-07 03:40:39'),
(3, 49, 14, '2018-04-07 03:40:39'),
(4, 81, 10, '2018-04-07 03:40:39'),
(5, 69, 1, '2018-04-07 03:40:39'),
(6, 51, 4, '2018-04-07 03:40:39'),
(7, 81, 10, '2018-04-07 03:40:39'),
(8, 32, 4, '2018-04-07 03:40:39'),
(9, 10, 14, '2018-04-07 03:40:39'),
(10, 26, 5, '2018-04-07 03:40:39'),
(11, 66, 4, '2018-04-07 03:40:39'),
(12, 32, 9, '2018-04-07 03:40:39'),
(13, 67, 12, '2018-04-07 03:40:39'),
(14, 93, 3, '2018-04-07 03:40:39'),
(15, 7, 12, '2018-04-07 03:40:39'),
(16, 31, 12, '2018-04-07 03:40:39'),
(17, 33, 14, '2018-04-07 03:40:39'),
(18, 30, 5, '2018-04-07 03:40:39'),
(19, 94, 8, '2018-04-07 03:40:39'),
(20, 52, 13, '2018-04-07 03:40:39'),
(21, 35, 2, '2018-04-07 03:40:39'),
(22, 83, 12, '2018-04-07 03:40:39'),
(23, 55, 12, '2018-04-07 03:40:39'),
(24, 26, 10, '2018-04-07 03:40:39'),
(25, 47, 7, '2018-04-07 03:40:39'),
(26, 43, 7, '2018-04-07 03:40:39'),
(27, 83, 7, '2018-04-07 03:40:39'),
(28, 47, 1, '2018-04-07 03:40:39'),
(1, 59, 15, '2018-04-07 03:40:54'),
(2, 50, 2, '2018-04-07 03:40:54'),
(3, 67, 13, '2018-04-07 03:40:54'),
(4, 53, 4, '2018-04-07 03:40:54'),
(5, 86, 2, '2018-04-07 03:40:54'),
(6, 62, 13, '2018-04-07 03:40:54'),
(7, 29, 8, '2018-04-07 03:40:54'),
(8, 61, 9, '2018-04-07 03:40:54'),
(9, 66, 14, '2018-04-07 03:40:54'),
(10, 19, 6, '2018-04-07 03:40:54'),
(11, 80, 7, '2018-04-07 03:40:54'),
(12, 53, 6, '2018-04-07 03:40:54'),
(13, 86, 6, '2018-04-07 03:40:54'),
(14, 12, 4, '2018-04-07 03:40:54'),
(15, 23, 4, '2018-04-07 03:40:54'),
(16, 96, 3, '2018-04-07 03:40:54'),
(17, 91, 3, '2018-04-07 03:40:54'),
(18, 3, 14, '2018-04-07 03:40:54'),
(19, 2, 13, '2018-04-07 03:40:54'),
(20, 5, 10, '2018-04-07 03:40:54'),
(21, 99, 1, '2018-04-07 03:40:54'),
(22, 89, 11, '2018-04-07 03:40:54'),
(23, 59, 10, '2018-04-07 03:40:54'),
(24, 55, 8, '2018-04-07 03:40:54'),
(25, 63, 11, '2018-04-07 03:40:54'),
(26, 44, 10, '2018-04-07 03:40:54'),
(27, 38, 7, '2018-04-07 03:40:54'),
(28, 35, 3, '2018-04-07 03:40:54'),
(1, 86, 7, '2018-04-07 03:41:09'),
(2, 30, 6, '2018-04-07 03:41:09'),
(3, 73, 9, '2018-04-07 03:41:09'),
(4, 55, 8, '2018-04-07 03:41:09'),
(5, 20, 9, '2018-04-07 03:41:09'),
(6, 17, 12, '2018-04-07 03:41:09'),
(7, 23, 11, '2018-04-07 03:41:09'),
(8, 12, 2, '2018-04-07 03:41:09'),
(9, 63, 12, '2018-04-07 03:41:09'),
(10, 18, 10, '2018-04-07 03:41:09'),
(11, 60, 12, '2018-04-07 03:41:09'),
(12, 57, 2, '2018-04-07 03:41:09'),
(13, 21, 15, '2018-04-07 03:41:09'),
(14, 64, 15, '2018-04-07 03:41:09'),
(15, 75, 12, '2018-04-07 03:41:09'),
(16, 72, 5, '2018-04-07 03:41:09'),
(17, 90, 5, '2018-04-07 03:41:09'),
(18, 93, 7, '2018-04-07 03:41:09'),
(19, 30, 8, '2018-04-07 03:41:09'),
(20, 60, 15, '2018-04-07 03:41:09'),
(21, 80, 2, '2018-04-07 03:41:09'),
(22, 76, 3, '2018-04-07 03:41:09'),
(23, 73, 1, '2018-04-07 03:41:09'),
(24, 38, 3, '2018-04-07 03:41:09'),
(25, 68, 12, '2018-04-07 03:41:09'),
(26, 90, 3, '2018-04-07 03:41:09'),
(27, 31, 7, '2018-04-07 03:41:09'),
(28, 25, 10, '2018-04-07 03:41:09'),
(1, 28, 14, '2018-04-07 03:41:24'),
(2, 8, 2, '2018-04-07 03:41:24'),
(3, 66, 12, '2018-04-07 03:41:24'),
(4, 28, 13, '2018-04-07 03:41:24'),
(5, 44, 8, '2018-04-07 03:41:24'),
(6, 80, 6, '2018-04-07 03:41:24'),
(7, 28, 6, '2018-04-07 03:41:24'),
(8, 67, 7, '2018-04-07 03:41:24'),
(9, 35, 14, '2018-04-07 03:41:24'),
(10, 43, 4, '2018-04-07 03:41:24'),
(11, 55, 4, '2018-04-07 03:41:24'),
(12, 26, 10, '2018-04-07 03:41:24'),
(13, 30, 12, '2018-04-07 03:41:24'),
(14, 46, 9, '2018-04-07 03:41:24'),
(15, 78, 11, '2018-04-07 03:41:24'),
(16, 31, 15, '2018-04-07 03:41:24'),
(17, 82, 10, '2018-04-07 03:41:24'),
(18, 71, 4, '2018-04-07 03:41:24'),
(19, 88, 6, '2018-04-07 03:41:24'),
(20, 66, 15, '2018-04-07 03:41:24'),
(21, 87, 12, '2018-04-07 03:41:24'),
(22, 30, 11, '2018-04-07 03:41:24'),
(23, 8, 6, '2018-04-07 03:41:24'),
(24, 83, 15, '2018-04-07 03:41:24'),
(25, 100, 8, '2018-04-07 03:41:24'),
(26, 49, 15, '2018-04-07 03:41:24'),
(27, 89, 13, '2018-04-07 03:41:24'),
(28, 68, 12, '2018-04-07 03:41:24'),
(1, 99, 14, '2018-04-07 03:41:39'),
(2, 25, 1, '2018-04-07 03:41:39'),
(3, 27, 14, '2018-04-07 03:41:39'),
(4, 9, 12, '2018-04-07 03:41:39'),
(5, 63, 8, '2018-04-07 03:41:39'),
(6, 59, 1, '2018-04-07 03:41:39'),
(7, 54, 14, '2018-04-07 03:41:39'),
(8, 59, 3, '2018-04-07 03:41:39'),
(9, 48, 15, '2018-04-07 03:41:39'),
(10, 59, 13, '2018-04-07 03:41:39'),
(11, 73, 7, '2018-04-07 03:41:39'),
(12, 5, 6, '2018-04-07 03:41:39'),
(13, 44, 7, '2018-04-07 03:41:39'),
(14, 91, 3, '2018-04-07 03:41:39'),
(15, 95, 2, '2018-04-07 03:41:39'),
(16, 98, 12, '2018-04-07 03:41:39'),
(17, 17, 12, '2018-04-07 03:41:39'),
(18, 94, 9, '2018-04-07 03:41:39'),
(19, 46, 9, '2018-04-07 03:41:39'),
(20, 3, 12, '2018-04-07 03:41:39'),
(21, 8, 15, '2018-04-07 03:41:39'),
(22, 72, 12, '2018-04-07 03:41:39'),
(23, 23, 12, '2018-04-07 03:41:39'),
(24, 82, 7, '2018-04-07 03:41:39'),
(25, 58, 7, '2018-04-07 03:41:39'),
(26, 1, 11, '2018-04-07 03:41:39'),
(27, 27, 9, '2018-04-07 03:41:39'),
(28, 49, 11, '2018-04-07 03:41:39'),
(1, 12, 15, '2018-04-07 03:41:54'),
(2, 100, 9, '2018-04-07 03:41:54'),
(3, 46, 3, '2018-04-07 03:41:54'),
(4, 33, 3, '2018-04-07 03:41:54'),
(5, 63, 8, '2018-04-07 03:41:54'),
(6, 41, 13, '2018-04-07 03:41:54'),
(7, 20, 3, '2018-04-07 03:41:54'),
(8, 83, 9, '2018-04-07 03:41:54'),
(9, 70, 3, '2018-04-07 03:41:54'),
(10, 40, 8, '2018-04-07 03:41:54'),
(11, 97, 9, '2018-04-07 03:41:54'),
(12, 79, 8, '2018-04-07 03:41:54'),
(13, 59, 11, '2018-04-07 03:41:54'),
(14, 22, 12, '2018-04-07 03:41:54'),
(15, 19, 12, '2018-04-07 03:41:54'),
(16, 17, 1, '2018-04-07 03:41:54'),
(17, 47, 14, '2018-04-07 03:41:54'),
(18, 85, 13, '2018-04-07 03:41:54'),
(19, 76, 1, '2018-04-07 03:41:54'),
(20, 40, 1, '2018-04-07 03:41:54'),
(21, 22, 3, '2018-04-07 03:41:54'),
(22, 24, 2, '2018-04-07 03:41:54'),
(23, 78, 13, '2018-04-07 03:41:54'),
(24, 71, 11, '2018-04-07 03:41:54'),
(25, 31, 6, '2018-04-07 03:41:54'),
(26, 6, 2, '2018-04-07 03:41:54'),
(27, 95, 1, '2018-04-07 03:41:54'),
(28, 67, 8, '2018-04-07 03:41:54'),
(1, 28, 3, '2018-04-07 03:41:58'),
(2, 42, 15, '2018-04-07 03:41:58'),
(3, 61, 4, '2018-04-07 03:41:58'),
(4, 10, 3, '2018-04-07 03:41:58'),
(5, 17, 2, '2018-04-07 03:41:58'),
(6, 1, 2, '2018-04-07 03:41:58'),
(7, 41, 3, '2018-04-07 03:41:58'),
(8, 1, 4, '2018-04-07 03:41:58'),
(9, 76, 3, '2018-04-07 03:41:58'),
(10, 27, 7, '2018-04-07 03:41:58'),
(11, 47, 12, '2018-04-07 03:41:58'),
(12, 85, 5, '2018-04-07 03:41:58'),
(13, 14, 8, '2018-04-07 03:41:58'),
(14, 96, 10, '2018-04-07 03:41:58'),
(15, 60, 6, '2018-04-07 03:41:58'),
(16, 74, 4, '2018-04-07 03:41:58'),
(17, 88, 13, '2018-04-07 03:41:58'),
(18, 13, 11, '2018-04-07 03:41:58'),
(19, 21, 5, '2018-04-07 03:41:58'),
(20, 29, 5, '2018-04-07 03:41:58'),
(21, 22, 7, '2018-04-07 03:41:58'),
(22, 43, 13, '2018-04-07 03:41:58'),
(23, 20, 5, '2018-04-07 03:41:58'),
(24, 31, 11, '2018-04-07 03:41:58'),
(25, 75, 14, '2018-04-07 03:41:58'),
(26, 5, 5, '2018-04-07 03:41:58'),
(27, 43, 12, '2018-04-07 03:41:58'),
(28, 80, 8, '2018-04-07 03:41:58');

-- --------------------------------------------------------

--
-- Table structure for table `live_data`
--

CREATE TABLE `live_data` (
  `SensorID` int(11) NOT NULL,
  `Speed` int(11) NOT NULL,
  `Direction` int(11) NOT NULL,
  `Time` timestamp NOT NULL DEFAULT CURRENT_TIMESTAMP
) ENGINE=InnoDB DEFAULT CHARSET=latin1;

--
-- Dumping data for table `live_data`
--

INSERT INTO `live_data` (`SensorID`, `Speed`, `Direction`, `Time`) VALUES
(1, 52, 13, '2018-04-07 04:17:44'),
(2, 35, 4, '2018-04-07 04:17:44'),
(3, 75, 11, '2018-04-07 04:17:44'),
(4, 26, 7, '2018-04-07 04:17:44'),
(5, 93, 9, '2018-04-07 04:17:44'),
(6, 82, 5, '2018-04-07 04:17:44'),
(7, 51, 14, '2018-04-07 04:17:44'),
(8, 11, 15, '2018-04-07 04:17:44'),
(9, 24, 1, '2018-04-07 04:17:44'),
(10, 38, 5, '2018-04-07 04:17:44'),
(11, 5, 6, '2018-04-07 04:17:44'),
(12, 70, 15, '2018-04-07 04:17:44'),
(13, 51, 9, '2018-04-07 04:17:44'),
(14, 32, 9, '2018-04-07 04:17:44'),
(15, 83, 3, '2018-04-07 04:17:44'),
(16, 23, 13, '2018-04-07 04:17:44'),
(17, 1, 10, '2018-04-07 04:17:44'),
(18, 39, 9, '2018-04-07 04:17:44'),
(19, 63, 15, '2018-04-07 04:17:44'),
(20, 99, 7, '2018-04-07 04:17:44'),
(21, 49, 3, '2018-04-07 04:17:44'),
(22, 85, 3, '2018-04-07 04:17:44'),
(23, 86, 14, '2018-04-07 04:17:44'),
(24, 52, 4, '2018-04-07 04:17:44'),
(25, 46, 7, '2018-04-07 04:17:44'),
(26, 79, 1, '2018-04-07 04:17:44'),
(27, 41, 2, '2018-04-07 04:17:44'),
(28, 44, 1, '2018-04-07 04:17:44');

-- --------------------------------------------------------

--
-- Table structure for table `wind_sensor`
--

CREATE TABLE `wind_sensor` (
  `SensorID` int(11) NOT NULL,
  `Location` text,
  `Latitude` double NOT NULL,
  `Longitude` double NOT NULL
) ENGINE=InnoDB DEFAULT CHARSET=latin1;

--
-- Dumping data for table `wind_sensor`
--

INSERT INTO `wind_sensor` (`SensorID`, `Location`, `Latitude`, `Longitude`) VALUES
(1, 'KSU MUSEUM NE', 41.153128, -81.34943),
(2, 'KSU MUSEUM SE', 41.152128, -81.34943),
(3, 'KSU MUSEUM SW', 41.152128, -81.35043),
(4, 'KSU MUSEUM NW', 41.153128, -81.35043),
(5, 'MOULTON HALL NE', 41.153446, -81.346179),
(6, 'MOULTON HALL SE', 41.152446, -81.346179),
(7, 'MOULTON HALL SW', 41.152446, -81.347179),
(8, 'MOULTON HALL NW', 41.153446, -81.347179),
(9, 'HEALTH AND HUMAN SERVICES NE', 41.153248, -81.345371),
(10, 'HEALTH AND HUMAN SERVICES SE', 41.152248, -81.345371),
(11, 'HEALTH AND HUMAN SERVICES SW', 41.152248, -81.346371),
(12, 'HEALTH AND HUMAN SERVICES NW', 41.153248, -81.346371),
(13, 'ROTC NE', 41.153159, -81.344172),
(14, 'ROTC SE', 41.152159, -81.344172),
(15, 'ROTC SW', 41.152159, -81.345172),
(16, 'ROTC NW', 41.153159, -81.345172),
(17, 'PERFORMING ARTS CENTER NE', 41.153074, -81.339959),
(18, 'PERFORMING ARTS CENTER SE', 41.152074, -81.339959),
(19, 'PERFORMING ARTS CENTER SW', 41.152074, -81.340959),
(20, 'PERFORMING ARTS CENTER NW', 41.153074, -81.340959),
(21, 'NEWMAN CENTER NE', 41.152585, -81.338111),
(22, 'NEWMAN CENTER SE', 41.151585, -81.338111),
(23, 'NEWMAN CENTER SW', 41.151585, -81.339111),
(24, 'NEWMAN CENTER NW', 41.152585, -81.339111),
(25, 'BOWMAN HALL NE', 41.148983, -81.345963),
(26, 'BOWMAN HALL SE', 41.147983, -81.345963),
(27, 'BOWMAN HALL SW', 41.147983, -81.346963),
(28, 'BOWMAN HALL NW', 41.148983, -81.346963);

--
-- Indexes for dumped tables
--

--
-- Indexes for table `historical_data`
--
ALTER TABLE `historical_data`
  ADD KEY `id` (`SensorID`);

--
-- Indexes for table `live_data`
--
ALTER TABLE `live_data`
  ADD UNIQUE KEY `SensorID` (`SensorID`),
  ADD KEY `id` (`SensorID`);

--
-- Indexes for table `wind_sensor`
--
ALTER TABLE `wind_sensor`
  ADD PRIMARY KEY (`SensorID`);

--
-- Constraints for dumped tables
--

--
-- Constraints for table `historical_data`
--
ALTER TABLE `historical_data`
  ADD CONSTRAINT `historical_consistency` FOREIGN KEY (`SensorID`) REFERENCES `wind_sensor` (`SensorID`) ON DELETE CASCADE ON UPDATE CASCADE;

--
-- Constraints for table `live_data`
--
ALTER TABLE `live_data`
  ADD CONSTRAINT `id_consistency` FOREIGN KEY (`SensorID`) REFERENCES `wind_sensor` (`SensorID`) ON DELETE CASCADE ON UPDATE CASCADE;
COMMIT;

/*!40101 SET CHARACTER_SET_CLIENT=@OLD_CHARACTER_SET_CLIENT */;
/*!40101 SET CHARACTER_SET_RESULTS=@OLD_CHARACTER_SET_RESULTS */;
/*!40101 SET COLLATION_CONNECTION=@OLD_COLLATION_CONNECTION */;
